Employee_ID,Employee_Name,Email,Department_ID,Role_ID,Location_ID
EMP0001,Pooja Sharma,pooja.sharma@yahoo.com,D004,R005,L002
EMP0002,Aisha Chauhan,aisha.chauhan@outlook.com,D003,R002,L004
EMP0003,Aarav Nair,aarav.nair@yahoo.com,D001,R001,L001
EMP0004,Ananya Verma,ananya.verma@outlook.com,D004,R005,L004
EMP0005,Nikhil Agarwal,nikhil.agarwal@outlook.com,D002,R004,L004
EMP0006,Ishita Agarwal,ishita.agarwal@gmail.com,D001,R001,L001
EMP0007,Aditya Singh,aditya.singh@gmail.com,D002,R004,L004
EMP0008,Aditya Kapoor,aditya.kapoor@yahoo.com,D003,R002,L002
EMP0009,Aisha Sharma,aisha.sharma@outlook.com,D004,R005,L002
EMP0010,Meera Reddy,meera.reddy10@gmail.com,D004,R005,L004
EMP0011,Meera Malhotra,meera.malhotra11@gmail.com,D004,R005,L004
EMP0012,Sneha Malhotra,sneha.malhotra12@gmail.com,D004,R005,L001
EMP0013,Ananya Gupta,ananya.gupta13@outlook.com,D001,R001,L002
EMP0014,Priya Kapoor,priya.kapoor14@yahoo.com,D003,R003,L003
EMP0015,Rohan Singh,rohan.singh15@gmail.com,D003,R002,L001
EMP0016,Sanya Mehta,sanya.mehta16@outlook.com,D003,R002,L003
EMP0017,Aarav Chauhan,aarav.chauhan17@yahoo.com,D001,R001,L004
EMP0018,Meera Iyer,meera.iyer18@outlook.com,D003,R002,L001
EMP0019,Meera Kapoor,meera.kapoor19@outlook.com,D003,R003,L003
EMP0020,Aisha Mishra,aisha.mishra20@gmail.com,D003,R002,L001
EMP0021,Riya Reddy,riya.reddy21@yahoo.com,D002,R004,L003
EMP0022,Riya Verma,riya.verma22@gmail.com,D002,R004,L003
EMP0023,Riya Mehta,riya.mehta23@gmail.com,D004,R005,L004
EMP0024,Aisha Sharma,aisha.sharma24@outlook.com,D001,R001,L001
EMP0025,Kavya Joshi,kavya.joshi25@yahoo.com,D004,R005,L003
EMP0026,Sanya Mishra,sanya.mishra26@yahoo.com,D003,R003,L004
EMP0027,Aditya Gupta,aditya.gupta27@outlook.com,D003,R002,L001
EMP0028,Kavya Singh,kavya.singh28@outlook.com,D001,R001,L002
EMP0029,Priya Patel,priya.patel29@gmail.com,D005,R002,L001
EMP0030,Aisha Mishra,aisha.mishra30@outlook.com,D001,R001,L003
EMP0031,Neha Iyer,neha.iyer31@yahoo.com,D002,R004,L004
EMP0032,Rohan Joshi,rohan.joshi32@yahoo.com,D004,R005,L002
EMP0033,Aditya Kapoor,aditya.kapoor33@outlook.com,D001,R001,L002
EMP0034,Sanya Sharma,sanya.sharma34@yahoo.com,D004,R005,L004
EMP0035,Kavya Agarwal,kavya.agarwal35@yahoo.com,D003,R002,L003
EMP0036,Aditya Mishra,aditya.mishra36@gmail.com,D003,R003,L001
EMP0037,Ananya Patel,ananya.patel37@outlook.com,D005,R002,L003
EMP0038,Rohan Patel,rohan.patel38@gmail.com,D001,R001,L001
EMP0039,Aditya Joshi,aditya.joshi39@gmail.com,D003,R003,L002
EMP0040,Vivaan Sharma,vivaan.sharma40@gmail.com,D003,R002,L004
EMP0041,Vivaan Chauhan,vivaan.chauhan41@yahoo.com,D003,R002,L003
EMP0042,Priya Gupta,priya.gupta42@gmail.com,D004,R005,L004
EMP0043,Nikhil Agarwal,nikhil.agarwal43@outlook.com,D005,R002,L002
EMP0044,Rohan Gupta,rohan.gupta44@gmail.com,D004,R005,L001
EMP0045,Aarav Verma,aarav.verma45@outlook.com,D002,R004,L002
EMP0046,Vivaan Singh,vivaan.singh46@outlook.com,D003,R002,L001
EMP0047,Nikhil Mishra,nikhil.mishra47@outlook.com,D001,R001,L004
EMP0048,Aman Gupta,aman.gupta48@gmail.com,D005,R002,L004
EMP0049,Ishita Singh,ishita.singh49@gmail.com,D001,R001,L001
EMP0050,Ishita Chauhan,ishita.chauhan50@gmail.com,D005,R002,L001
EMP0051,Nikhil Mehta,nikhil.mehta51@outlook.com,D004,R005,L003
EMP0052,Priya Kapoor,priya.kapoor52@outlook.com,D001,R001,L001
EMP0053,Kavya Nair,kavya.nair53@outlook.com,D005,R002,L003
EMP0054,Rohan Singh,rohan.singh54@outlook.com,D005,R002,L002
EMP0055,Aarav Mehta,aarav.mehta55@gmail.com,D005,R002,L001
EMP0056,Meera Gupta,meera.gupta56@outlook.com,D003,R003,L001
EMP0057,Nikhil Mehta,nikhil.mehta57@yahoo.com,D005,R002,L003
EMP0058,Sanya Mehta,sanya.mehta58@outlook.com,D005,R002,L004
EMP0059,Aisha Patel,aisha.patel59@outlook.com,D001,R001,L002
EMP0060,Aditya Verma,aditya.verma60@outlook.com,D003,R003,L003
EMP0061,Nikhil Chauhan,nikhil.chauhan61@yahoo.com,D005,R002,L002
EMP0062,Meera Reddy,meera.reddy62@yahoo.com,D003,R003,L001
EMP0063,Arjun Mishra,arjun.mishra63@yahoo.com,D004,R005,L003
EMP0064,Meera Kapoor,meera.kapoor64@gmail.com,D005,R002,L001
EMP0065,Aditya Patel,aditya.patel65@yahoo.com,D004,R005,L004
EMP0066,Karan Gupta,karan.gupta66@yahoo.com,D003,R002,L002
EMP0067,Arjun Nair,arjun.nair67@yahoo.com,D004,R005,L002
EMP0068,Aditya Sharma,aditya.sharma68@yahoo.com,D004,R005,L002
EMP0069,Pooja Kapoor,pooja.kapoor69@gmail.com,D001,R001,L004
EMP0070,Ananya Iyer,ananya.iyer70@gmail.com,D001,R001,L003
EMP0071,Aarav Kapoor,aarav.kapoor71@yahoo.com,D004,R005,L001
EMP0072,Sneha Iyer,sneha.iyer72@outlook.com,D002,R004,L002
EMP0073,Priya Verma,priya.verma73@yahoo.com,D003,R003,L003
EMP0074,Aditya Mishra,aditya.mishra74@yahoo.com,D003,R003,L003
EMP0075,Riya Reddy,riya.reddy75@gmail.com,D004,R005,L002
EMP0076,Vivaan Mishra,vivaan.mishra76@outlook.com,D002,R004,L002
EMP0077,Sanya Joshi,sanya.joshi77@outlook.com,D002,R004,L003
EMP0078,Vivaan Chauhan,vivaan.chauhan78@gmail.com,D003,R003,L002
EMP0079,Ishita Mishra,ishita.mishra79@yahoo.com,D001,R001,L002
EMP0080,Kavya Mishra,kavya.mishra80@gmail.com,D001,R001,L002
EMP0081,Aman Iyer,aman.iyer81@yahoo.com,D001,R001,L002
EMP0082,Sneha Mehta,sneha.mehta82@outlook.com,D003,R003,L004
EMP0083,Aditya Gupta,aditya.gupta83@outlook.com,D003,R003,L003
EMP0084,Kavya Malhotra,kavya.malhotra84@yahoo.com,D003,R002,L004
EMP0085,Sneha Chauhan,sneha.chauhan85@outlook.com,D003,R003,L001
EMP0086,Vivaan Patel,vivaan.patel86@yahoo.com,D001,R001,L004
EMP0087,Vivaan Patel,vivaan.patel87@gmail.com,D003,R003,L004
EMP0088,Arjun Agarwal,arjun.agarwal88@outlook.com,D003,R002,L004
EMP0089,Aditya Agarwal,aditya.agarwal89@gmail.com,D004,R005,L003
EMP0090,Meera Kapoor,meera.kapoor90@gmail.com,D002,R004,L003
EMP0091,Sneha Singh,sneha.singh91@yahoo.com,D003,R003,L002
EMP0092,Arjun Reddy,arjun.reddy92@yahoo.com,D005,R002,L002
EMP0093,Priya Mishra,priya.mishra93@yahoo.com,D003,R003,L001
EMP0094,Karan Joshi,karan.joshi94@outlook.com,D005,R002,L002
EMP0095,Aditya Gupta,aditya.gupta95@yahoo.com,D003,R003,L001
EMP0096,Karan Iyer,karan.iyer96@gmail.com,D002,R004,L002
EMP0097,Riya Sharma,riya.sharma97@gmail.com,D004,R005,L001
EMP0098,Vivaan Malhotra,vivaan.malhotra98@gmail.com,D001,R001,L002
EMP0099,Neha Iyer,neha.iyer99@outlook.com,D005,R002,L004
EMP0100,Aman Mehta,aman.mehta100@gmail.com,D003,R003,L002
EMP0101,Aisha Nair,aisha.nair101@yahoo.com,D002,R004,L004
EMP0102,Priya Agarwal,priya.agarwal102@gmail.com,D003,R003,L001
EMP0103,Priya Mishra,priya.mishra103@gmail.com,D004,R005,L003
EMP0104,Karan Verma,karan.verma104@outlook.com,D004,R005,L003
EMP0105,Aisha Patel,aisha.patel105@yahoo.com,D005,R002,L003
EMP0106,Karan Kapoor,karan.kapoor106@outlook.com,D005,R002,L001
EMP0107,Karan Chauhan,karan.chauhan107@outlook.com,D005,R002,L004
EMP0108,Aarav Nair,aarav.nair108@outlook.com,D003,R003,L003
EMP0109,Riya Mishra,riya.mishra109@yahoo.com,D001,R001,L003
EMP0110,Vivaan Nair,vivaan.nair110@yahoo.com,D001,R001,L004
EMP0111,Kavya Mehta,kavya.mehta111@gmail.com,D003,R003,L003
EMP0112,Priya Iyer,priya.iyer112@gmail.com,D003,R003,L003
EMP0113,Arjun Iyer,arjun.iyer113@gmail.com,D002,R004,L001
EMP0114,Sanya Reddy,sanya.reddy114@outlook.com,D004,R005,L004
EMP0115,Ananya Joshi,ananya.joshi115@yahoo.com,D001,R001,L003
EMP0116,Rahul Chauhan,rahul.chauhan116@gmail.com,D003,R003,L004
EMP0117,Meera Agarwal,meera.agarwal117@gmail.com,D002,R004,L002
EMP0118,Pooja Malhotra,pooja.malhotra118@outlook.com,D003,R003,L001
EMP0119,Nikhil Reddy,nikhil.reddy119@yahoo.com,D001,R001,L003
EMP0120,Aarav Sharma,aarav.sharma120@yahoo.com,D001,R001,L002
EMP0121,Aarav Verma,aarav.verma121@yahoo.com,D005,R002,L002
EMP0122,Rohan Chauhan,rohan.chauhan122@gmail.com,D002,R004,L004
EMP0123,Riya Mehta,riya.mehta123@yahoo.com,D003,R002,L003
EMP0124,Rohan Iyer,rohan.iyer124@outlook.com,D003,R003,L004
EMP0125,Ishita Iyer,ishita.iyer125@yahoo.com,D002,R004,L003
EMP0126,Arjun Kapoor,arjun.kapoor126@gmail.com,D004,R005,L002
EMP0127,Aarav Chauhan,aarav.chauhan127@yahoo.com,D002,R004,L004
EMP0128,Aarav Verma,aarav.verma128@gmail.com,D003,R003,L004
EMP0129,Aman Nair,aman.nair129@gmail.com,D004,R005,L002
EMP0130,Riya Sharma,riya.sharma130@yahoo.com,D004,R005,L001
EMP0131,Rahul Singh,rahul.singh131@gmail.com,D003,R002,L003
EMP0132,Aisha Mishra,aisha.mishra132@outlook.com,D005,R002,L001
EMP0133,Sneha Kapoor,sneha.kapoor133@gmail.com,D003,R002,L004
EMP0134,Meera Kapoor,meera.kapoor134@yahoo.com,D004,R005,L001
EMP0135,Rohan Reddy,rohan.reddy135@gmail.com,D001,R001,L002
EMP0136,Rahul Gupta,rahul.gupta136@outlook.com,D003,R002,L004
EMP0137,Meera Agarwal,meera.agarwal137@gmail.com,D005,R002,L003
EMP0138,Rahul Kapoor,rahul.kapoor138@outlook.com,D001,R001,L002
EMP0139,Aditya Mehta,aditya.mehta139@gmail.com,D001,R001,L004
EMP0140,Aditya Joshi,aditya.joshi140@yahoo.com,D005,R002,L002
EMP0141,Karan Nair,karan.nair141@gmail.com,D004,R005,L004
EMP0142,Aarav Nair,aarav.nair142@gmail.com,D005,R002,L003
EMP0143,Priya Malhotra,priya.malhotra143@gmail.com,D005,R002,L001
EMP0144,Meera Sharma,meera.sharma144@gmail.com,D005,R002,L004
EMP0145,Vivaan Mishra,vivaan.mishra145@yahoo.com,D003,R003,L001
EMP0146,Rohan Patel,rohan.patel146@gmail.com,D001,R001,L004
EMP0147,Rohan Mehta,rohan.mehta147@yahoo.com,D004,R005,L001
EMP0148,Neha Gupta,neha.gupta148@gmail.com,D004,R005,L001
EMP0149,Vivaan Malhotra,vivaan.malhotra149@yahoo.com,D003,R003,L004
EMP0150,Rohan Mehta,rohan.mehta150@yahoo.com,D002,R004,L001
EMP0151,Rohan Joshi,rohan.joshi151@yahoo.com,D001,R001,L004
EMP0152,Ananya Reddy,ananya.reddy152@gmail.com,D003,R002,L002
EMP0153,Aditya Kapoor,aditya.kapoor153@outlook.com,D002,R004,L003
EMP0154,Aman Gupta,aman.gupta154@gmail.com,D005,R002,L003
EMP0155,Aditya Singh,aditya.singh155@yahoo.com,D005,R002,L004
EMP0156,Pooja Agarwal,pooja.agarwal156@outlook.com,D002,R004,L001
EMP0157,Kavya Kapoor,kavya.kapoor157@gmail.com,D002,R004,L001
EMP0158,Karan Reddy,karan.reddy158@yahoo.com,D004,R005,L001
EMP0159,Neha Chauhan,neha.chauhan159@gmail.com,D003,R002,L001
EMP0160,Riya Mehta,riya.mehta160@gmail.com,D003,R003,L001
EMP0161,Aditya Joshi,aditya.joshi161@yahoo.com,D003,R002,L001
EMP0162,Rahul Iyer,rahul.iyer162@gmail.com,D001,R001,L003
EMP0163,Sneha Malhotra,sneha.malhotra163@outlook.com,D004,R005,L001
EMP0164,Aman Gupta,aman.gupta164@gmail.com,D004,R005,L004
EMP0165,Riya Joshi,riya.joshi165@yahoo.com,D003,R002,L001
EMP0166,Riya Joshi,riya.joshi166@yahoo.com,D004,R005,L001
EMP0167,Rahul Patel,rahul.patel167@yahoo.com,D003,R003,L003
EMP0168,Aarav Gupta,aarav.gupta168@yahoo.com,D002,R004,L004
EMP0169,Priya Patel,priya.patel169@gmail.com,D004,R005,L001
EMP0170,Neha Reddy,neha.reddy170@outlook.com,D005,R002,L004
EMP0171,Pooja Malhotra,pooja.malhotra171@yahoo.com,D001,R001,L002
EMP0172,Meera Nair,meera.nair172@gmail.com,D002,R004,L002
EMP0173,Sanya Mehta,sanya.mehta173@outlook.com,D004,R005,L003
EMP0174,Rahul Verma,rahul.verma174@gmail.com,D002,R004,L003
EMP0175,Karan Nair,karan.nair175@outlook.com,D001,R001,L002
EMP0176,Kavya Sharma,kavya.sharma176@outlook.com,D003,R002,L003
EMP0177,Meera Mehta,meera.mehta177@yahoo.com,D003,R003,L003
EMP0178,Aisha Singh,aisha.singh178@gmail.com,D002,R004,L002
EMP0179,Kavya Singh,kavya.singh179@outlook.com,D004,R005,L002
EMP0180,Ananya Singh,ananya.singh180@gmail.com,D002,R004,L001
EMP0181,Sanya Mehta,sanya.mehta181@yahoo.com,D002,R004,L001
EMP0182,Aditya Singh,aditya.singh182@outlook.com,D005,R002,L001
EMP0183,Rahul Joshi,rahul.joshi183@outlook.com,D005,R002,L004
EMP0184,Aman Iyer,aman.iyer184@gmail.com,D001,R001,L001
EMP0185,Pooja Nair,pooja.nair185@yahoo.com,D002,R004,L001
EMP0186,Ishita Reddy,ishita.reddy186@yahoo.com,D001,R001,L002
EMP0187,Sanya Malhotra,sanya.malhotra187@gmail.com,D004,R005,L002
EMP0188,Rahul Reddy,rahul.reddy188@yahoo.com,D002,R004,L002
EMP0189,Aman Nair,aman.nair189@outlook.com,D005,R002,L003
EMP0190,Aditya Gupta,aditya.gupta190@gmail.com,D003,R002,L001
EMP0191,Neha Joshi,neha.joshi191@outlook.com,D001,R001,L002
EMP0192,Ishita Nair,ishita.nair192@yahoo.com,D001,R001,L004
EMP0193,Pooja Nair,pooja.nair193@outlook.com,D002,R004,L003
EMP0194,Aman Iyer,aman.iyer194@outlook.com,D003,R002,L004
EMP0195,Aman Chauhan,aman.chauhan195@gmail.com,D003,R002,L003
EMP0196,Arjun Sharma,arjun.sharma196@yahoo.com,D001,R001,L003
EMP0197,Aisha Mishra,aisha.mishra197@outlook.com,D004,R005,L003
EMP0198,Nikhil Singh,nikhil.singh198@gmail.com,D004,R005,L002
EMP0199,Sneha Verma,sneha.verma199@outlook.com,D004,R005,L004
EMP0200,Pooja Gupta,pooja.gupta200@yahoo.com,D001,R001,L001
EMP0201,Riya Joshi,riya.joshi201@outlook.com,D001,R001,L003
EMP0202,Aisha Singh,aisha.singh202@yahoo.com,D003,R003,L001
EMP0203,Vivaan Iyer,vivaan.iyer203@gmail.com,D003,R003,L001
EMP0204,Sneha Iyer,sneha.iyer204@outlook.com,D003,R003,L003
EMP0205,Vivaan Singh,vivaan.singh205@gmail.com,D003,R003,L002
EMP0206,Kavya Singh,kavya.singh206@outlook.com,D005,R002,L003
EMP0207,Aman Agarwal,aman.agarwal207@gmail.com,D002,R004,L002
EMP0208,Karan Chauhan,karan.chauhan208@yahoo.com,D003,R003,L001
EMP0209,Meera Patel,meera.patel209@gmail.com,D003,R003,L003
EMP0210,Rohan Gupta,rohan.gupta210@gmail.com,D004,R005,L004
EMP0211,Karan Verma,karan.verma211@gmail.com,D003,R003,L004
EMP0212,Ishita Mishra,ishita.mishra212@outlook.com,D003,R003,L003
EMP0213,Arjun Mehta,arjun.mehta213@outlook.com,D005,R002,L002
EMP0214,Rahul Chauhan,rahul.chauhan214@yahoo.com,D001,R001,L002
EMP0215,Pooja Chauhan,pooja.chauhan215@yahoo.com,D004,R005,L001
EMP0216,Pooja Reddy,pooja.reddy216@outlook.com,D003,R002,L003
EMP0217,Nikhil Reddy,nikhil.reddy217@outlook.com,D004,R005,L003
EMP0218,Arjun Gupta,arjun.gupta218@outlook.com,D002,R004,L004
EMP0219,Pooja Chauhan,pooja.chauhan219@yahoo.com,D002,R004,L003
EMP0220,Meera Chauhan,meera.chauhan220@gmail.com,D003,R002,L003
EMP0221,Karan Malhotra,karan.malhotra221@outlook.com,D003,R002,L001
EMP0222,Aarav Gupta,aarav.gupta222@gmail.com,D003,R003,L001
EMP0223,Meera Agarwal,meera.agarwal223@gmail.com,D002,R004,L004
EMP0224,Aman Mishra,aman.mishra224@outlook.com,D003,R003,L003
EMP0225,Karan Mishra,karan.mishra225@yahoo.com,D005,R002,L002
EMP0226,Sanya Mishra,sanya.mishra226@yahoo.com,D002,R004,L004
EMP0227,Riya Iyer,riya.iyer227@outlook.com,D004,R005,L003
EMP0228,Pooja Patel,pooja.patel228@gmail.com,D002,R004,L003
EMP0229,Pooja Nair,pooja.nair229@outlook.com,D002,R004,L002
EMP0230,Pooja Malhotra,pooja.malhotra230@outlook.com,D003,R003,L003
EMP0231,Ananya Malhotra,ananya.malhotra231@outlook.com,D001,R001,L002
EMP0232,Vivaan Reddy,vivaan.reddy232@gmail.com,D002,R004,L001
EMP0233,Neha Agarwal,neha.agarwal233@yahoo.com,D005,R002,L003
EMP0234,Karan Nair,karan.nair234@gmail.com,D001,R001,L004
EMP0235,Rohan Kapoor,rohan.kapoor235@yahoo.com,D003,R003,L003
EMP0236,Rohan Patel,rohan.patel236@yahoo.com,D005,R002,L001
EMP0237,Sanya Nair,sanya.nair237@yahoo.com,D001,R001,L001
EMP0238,Meera Mishra,meera.mishra238@gmail.com,D001,R001,L001
EMP0239,Kavya Malhotra,kavya.malhotra239@gmail.com,D003,R003,L002
EMP0240,Aarav Verma,aarav.verma240@outlook.com,D003,R003,L002
EMP0241,Arjun Iyer,arjun.iyer241@yahoo.com,D004,R005,L001
EMP0242,Aarav Mehta,aarav.mehta242@outlook.com,D003,R003,L001
EMP0243,Aisha Nair,aisha.nair243@gmail.com,D004,R005,L001
EMP0244,Aarav Agarwal,aarav.agarwal244@yahoo.com,D001,R001,L001
EMP0245,Kavya Mishra,kavya.mishra245@outlook.com,D005,R002,L004
EMP0246,Meera Mehta,meera.mehta246@gmail.com,D004,R005,L001
EMP0247,Neha Gupta,neha.gupta247@outlook.com,D003,R003,L004
EMP0248,Meera Malhotra,meera.malhotra248@yahoo.com,D001,R001,L002
EMP0249,Rohan Singh,rohan.singh249@outlook.com,D002,R004,L003
EMP0250,Arjun Kapoor,arjun.kapoor250@yahoo.com,D003,R002,L003
EMP0251,Aisha Malhotra,aisha.malhotra251@gmail.com,D005,R002,L001
EMP0252,Sneha Mehta,sneha.mehta252@outlook.com,D002,R004,L004
EMP0253,Nikhil Singh,nikhil.singh253@gmail.com,D003,R003,L001
EMP0254,Riya Patel,riya.patel254@gmail.com,D003,R003,L004
EMP0255,Aisha Singh,aisha.singh255@outlook.com,D004,R005,L002
EMP0256,Rohan Kapoor,rohan.kapoor256@outlook.com,D003,R002,L001
EMP0257,Pooja Verma,pooja.verma257@outlook.com,D005,R002,L001
EMP0258,Rahul Malhotra,rahul.malhotra258@gmail.com,D002,R004,L001
EMP0259,Nikhil Singh,nikhil.singh259@gmail.com,D005,R002,L004
EMP0260,Aditya Gupta,aditya.gupta260@gmail.com,D002,R004,L003
EMP0261,Aman Verma,aman.verma261@yahoo.com,D004,R005,L003
EMP0262,Priya Gupta,priya.gupta262@yahoo.com,D003,R003,L002
EMP0263,Riya Reddy,riya.reddy263@yahoo.com,D003,R002,L004
EMP0264,Sanya Sharma,sanya.sharma264@gmail.com,D004,R005,L003
EMP0265,Neha Mehta,neha.mehta265@outlook.com,D001,R001,L001
EMP0266,Karan Mehta,karan.mehta266@yahoo.com,D003,R002,L001
EMP0267,Aditya Agarwal,aditya.agarwal267@yahoo.com,D004,R005,L002
EMP0268,Aman Malhotra,aman.malhotra268@gmail.com,D004,R005,L004
EMP0269,Aditya Chauhan,aditya.chauhan269@outlook.com,D003,R002,L002
EMP0270,Ishita Kapoor,ishita.kapoor270@outlook.com,D004,R005,L001
EMP0271,Neha Agarwal,neha.agarwal271@yahoo.com,D003,R003,L001
EMP0272,Rahul Mishra,rahul.mishra272@gmail.com,D003,R003,L004
EMP0273,Aarav Iyer,aarav.iyer273@yahoo.com,D003,R003,L002
EMP0274,Meera Nair,meera.nair274@outlook.com,D005,R002,L004
EMP0275,Aman Nair,aman.nair275@yahoo.com,D002,R004,L001
EMP0276,Neha Sharma,neha.sharma276@yahoo.com,D004,R005,L001
EMP0277,Pooja Chauhan,pooja.chauhan277@gmail.com,D005,R002,L001
EMP0278,Sneha Gupta,sneha.gupta278@outlook.com,D003,R002,L004
EMP0279,Rahul Gupta,rahul.gupta279@gmail.com,D002,R004,L004
EMP0280,Ishita Chauhan,ishita.chauhan280@outlook.com,D003,R003,L003
EMP0281,Karan Gupta,karan.gupta281@gmail.com,D001,R001,L002
EMP0282,Aditya Verma,aditya.verma282@gmail.com,D002,R004,L002
EMP0283,Neha Reddy,neha.reddy283@gmail.com,D003,R002,L002
EMP0284,Aisha Reddy,aisha.reddy284@outlook.com,D002,R004,L002
EMP0285,Aman Singh,aman.singh285@outlook.com,D002,R004,L004
EMP0286,Sanya Iyer,sanya.iyer286@gmail.com,D005,R002,L001
EMP0287,Arjun Verma,arjun.verma287@yahoo.com,D002,R004,L001
EMP0288,Pooja Kapoor,pooja.kapoor288@outlook.com,D003,R002,L003
EMP0289,Nikhil Kapoor,nikhil.kapoor289@gmail.com,D004,R005,L003
EMP0290,Sneha Nair,sneha.nair290@outlook.com,D001,R001,L002
EMP0291,Karan Verma,karan.verma291@outlook.com,D003,R002,L001
EMP0292,Karan Patel,karan.patel292@outlook.com,D003,R002,L002
EMP0293,Aarav Malhotra,aarav.malhotra293@outlook.com,D001,R001,L002
EMP0294,Nikhil Mishra,nikhil.mishra294@yahoo.com,D005,R002,L001
EMP0295,Neha Malhotra,neha.malhotra295@outlook.com,D004,R005,L002
EMP0296,Rahul Joshi,rahul.joshi296@gmail.com,D003,R003,L004
EMP0297,Karan Reddy,karan.reddy297@yahoo.com,D003,R003,L002
EMP0298,Aman Nair,aman.nair298@yahoo.com,D005,R002,L001
EMP0299,Aisha Verma,aisha.verma299@outlook.com,D005,R002,L004
EMP0300,Karan Chauhan,karan.chauhan300@yahoo.com,D005,R002,L001
EMP0301,Aarav Joshi,aarav.joshi301@gmail.com,D002,R004,L001
EMP0302,Arjun Agarwal,arjun.agarwal302@yahoo.com,D005,R002,L003
EMP0303,Kavya Iyer,kavya.iyer303@yahoo.com,D002,R004,L004
EMP0304,Aman Reddy,aman.reddy304@gmail.com,D003,R003,L002
EMP0305,Aisha Mehta,aisha.mehta305@outlook.com,D004,R005,L001
EMP0306,Priya Joshi,priya.joshi306@outlook.com,D003,R003,L003
EMP0307,Ishita Singh,ishita.singh307@yahoo.com,D001,R001,L001
EMP0308,Rohan Mishra,rohan.mishra308@gmail.com,D001,R001,L003
EMP0309,Karan Malhotra,karan.malhotra309@gmail.com,D005,R002,L002
EMP0310,Arjun Mishra,arjun.mishra310@outlook.com,D004,R005,L004
EMP0311,Aisha Mishra,aisha.mishra311@yahoo.com,D003,R002,L003
EMP0312,Arjun Mishra,arjun.mishra312@gmail.com,D003,R003,L002
EMP0313,Sneha Joshi,sneha.joshi313@gmail.com,D005,R002,L001
EMP0314,Ananya Kapoor,ananya.kapoor314@gmail.com,D003,R002,L002
EMP0315,Neha Sharma,neha.sharma315@gmail.com,D005,R002,L003
EMP0316,Rahul Patel,rahul.patel316@gmail.com,D003,R003,L004
EMP0317,Sneha Kapoor,sneha.kapoor317@yahoo.com,D003,R003,L002
EMP0318,Vivaan Iyer,vivaan.iyer318@outlook.com,D004,R005,L004
EMP0319,Sanya Malhotra,sanya.malhotra319@gmail.com,D004,R005,L003
EMP0320,Kavya Chauhan,kavya.chauhan320@yahoo.com,D005,R002,L003
EMP0321,Karan Patel,karan.patel321@gmail.com,D004,R005,L002
EMP0322,Aditya Chauhan,aditya.chauhan322@gmail.com,D005,R002,L003
EMP0323,Pooja Chauhan,pooja.chauhan323@yahoo.com,D004,R005,L003
EMP0324,Kavya Reddy,kavya.reddy324@gmail.com,D002,R004,L002
EMP0325,Rahul Patel,rahul.patel325@yahoo.com,D001,R001,L003
EMP0326,Arjun Joshi,arjun.joshi326@gmail.com,D005,R002,L004
EMP0327,Pooja Kapoor,pooja.kapoor327@outlook.com,D003,R003,L002
EMP0328,Riya Mehta,riya.mehta328@gmail.com,D003,R002,L004
EMP0329,Aisha Kapoor,aisha.kapoor329@gmail.com,D003,R003,L003
EMP0330,Sanya Patel,sanya.patel330@gmail.com,D002,R004,L001
EMP0331,Rohan Singh,rohan.singh331@outlook.com,D005,R002,L001
EMP0332,Karan Verma,karan.verma332@yahoo.com,D001,R001,L002
EMP0333,Sanya Joshi,sanya.joshi333@gmail.com,D003,R003,L002
EMP0334,Kavya Agarwal,kavya.agarwal334@gmail.com,D003,R002,L002
EMP0335,Neha Iyer,neha.iyer335@gmail.com,D003,R002,L002
EMP0336,Aditya Patel,aditya.patel336@gmail.com,D003,R003,L001
EMP0337,Rahul Reddy,rahul.reddy337@outlook.com,D003,R002,L001
EMP0338,Nikhil Chauhan,nikhil.chauhan338@yahoo.com,D004,R005,L001
EMP0339,Arjun Singh,arjun.singh339@outlook.com,D004,R005,L004
EMP0340,Karan Mishra,karan.mishra340@gmail.com,D002,R004,L003
EMP0341,Rohan Mehta,rohan.mehta341@gmail.com,D001,R001,L002
EMP0342,Rahul Malhotra,rahul.malhotra342@yahoo.com,D003,R003,L001
EMP0343,Aditya Reddy,aditya.reddy343@outlook.com,D003,R002,L001
EMP0344,Vivaan Patel,vivaan.patel344@yahoo.com,D003,R003,L003
EMP0345,Ishita Sharma,ishita.sharma345@gmail.com,D001,R001,L004
EMP0346,Meera Kapoor,meera.kapoor346@outlook.com,D005,R002,L004
EMP0347,Aisha Nair,aisha.nair347@outlook.com,D002,R004,L004
EMP0348,Kavya Joshi,kavya.joshi348@yahoo.com,D005,R002,L003
EMP0349,Nikhil Kapoor,nikhil.kapoor349@gmail.com,D003,R003,L004
EMP0350,Sneha Chauhan,sneha.chauhan350@outlook.com,D003,R002,L003
EMP0351,Vivaan Singh,vivaan.singh351@yahoo.com,D003,R002,L004
EMP0352,Priya Singh,priya.singh352@gmail.com,D005,R002,L002
EMP0353,Ishita Sharma,ishita.sharma353@outlook.com,D002,R004,L003
EMP0354,Sanya Agarwal,sanya.agarwal354@yahoo.com,D005,R002,L001
EMP0355,Karan Singh,karan.singh355@gmail.com,D002,R004,L001
EMP0356,Aisha Singh,aisha.singh356@gmail.com,D002,R004,L004
EMP0357,Neha Nair,neha.nair357@yahoo.com,D002,R004,L002
EMP0358,Meera Gupta,meera.gupta358@outlook.com,D003,R002,L004
EMP0359,Aman Nair,aman.nair359@gmail.com,D001,R001,L001
EMP0360,Neha Kapoor,neha.kapoor360@gmail.com,D005,R002,L004
EMP0361,Aarav Reddy,aarav.reddy361@yahoo.com,D003,R002,L003
EMP0362,Ishita Iyer,ishita.iyer362@outlook.com,D003,R002,L001
EMP0363,Ananya Iyer,ananya.iyer363@yahoo.com,D003,R003,L003
EMP0364,Nikhil Joshi,nikhil.joshi364@outlook.com,D002,R004,L001
EMP0365,Aditya Kapoor,aditya.kapoor365@yahoo.com,D003,R002,L003
EMP0366,Pooja Gupta,pooja.gupta366@gmail.com,D003,R003,L002
EMP0367,Priya Chauhan,priya.chauhan367@gmail.com,D002,R004,L001
EMP0368,Aditya Reddy,aditya.reddy368@outlook.com,D001,R001,L001
EMP0369,Pooja Malhotra,pooja.malhotra369@yahoo.com,D001,R001,L004
EMP0370,Nikhil Nair,nikhil.nair370@gmail.com,D003,R002,L002
EMP0371,Arjun Reddy,arjun.reddy371@gmail.com,D001,R001,L001
EMP0372,Karan Kapoor,karan.kapoor372@outlook.com,D004,R005,L004
EMP0373,Nikhil Sharma,nikhil.sharma373@outlook.com,D002,R004,L003
EMP0374,Arjun Kapoor,arjun.kapoor374@gmail.com,D003,R003,L003
EMP0375,Aditya Reddy,aditya.reddy375@outlook.com,D001,R001,L003
EMP0376,Neha Singh,neha.singh376@yahoo.com,D004,R005,L001
EMP0377,Priya Iyer,priya.iyer377@yahoo.com,D003,R003,L004
EMP0378,Vivaan Verma,vivaan.verma378@outlook.com,D003,R003,L002
EMP0379,Nikhil Nair,nikhil.nair379@yahoo.com,D001,R001,L001
EMP0380,Arjun Reddy,arjun.reddy380@outlook.com,D003,R003,L001
EMP0381,Neha Sharma,neha.sharma381@outlook.com,D003,R003,L001
EMP0382,Ananya Verma,ananya.verma382@yahoo.com,D005,R002,L003
EMP0383,Rahul Iyer,rahul.iyer383@gmail.com,D004,R005,L002
EMP0384,Pooja Mehta,pooja.mehta384@gmail.com,D005,R002,L002
EMP0385,Pooja Gupta,pooja.gupta385@outlook.com,D005,R002,L001
EMP0386,Aisha Joshi,aisha.joshi386@gmail.com,D002,R004,L004
EMP0387,Meera Reddy,meera.reddy387@gmail.com,D005,R002,L004
EMP0388,Kavya Verma,kavya.verma388@gmail.com,D002,R004,L003
EMP0389,Aarav Verma,aarav.verma389@outlook.com,D001,R001,L002
EMP0390,Riya Joshi,riya.joshi390@gmail.com,D004,R005,L003
EMP0391,Priya Reddy,priya.reddy391@yahoo.com,D003,R002,L001
EMP0392,Rahul Mehta,rahul.mehta392@outlook.com,D003,R002,L002
EMP0393,Sanya Iyer,sanya.iyer393@yahoo.com,D002,R004,L003
EMP0394,Riya Singh,riya.singh394@outlook.com,D005,R002,L003
EMP0395,Arjun Sharma,arjun.sharma395@gmail.com,D001,R001,L002
EMP0396,Aditya Mehta,aditya.mehta396@gmail.com,D003,R003,L004
EMP0397,Pooja Kapoor,pooja.kapoor397@yahoo.com,D003,R003,L002
EMP0398,Nikhil Reddy,nikhil.reddy398@yahoo.com,D004,R005,L003
EMP0399,Meera Singh,meera.singh399@gmail.com,D002,R004,L002
EMP0400,Ishita Verma,ishita.verma400@outlook.com,D001,R001,L001
EMP0401,Ishita Sharma,ishita.sharma401@yahoo.com,D002,R004,L004
EMP0402,Priya Joshi,priya.joshi402@gmail.com,D002,R004,L001
EMP0403,Rohan Reddy,rohan.reddy403@gmail.com,D004,R005,L003
EMP0404,Meera Gupta,meera.gupta404@gmail.com,D004,R005,L002
EMP0405,Karan Agarwal,karan.agarwal405@outlook.com,D001,R001,L003
EMP0406,Neha Mishra,neha.mishra406@gmail.com,D001,R001,L001
EMP0407,Neha Reddy,neha.reddy407@yahoo.com,D002,R004,L003
EMP0408,Nikhil Gupta,nikhil.gupta408@outlook.com,D005,R002,L002
EMP0409,Ishita Mishra,ishita.mishra409@outlook.com,D001,R001,L004
EMP0410,Rohan Malhotra,rohan.malhotra410@gmail.com,D004,R005,L003
EMP0411,Ananya Agarwal,ananya.agarwal411@outlook.com,D005,R002,L002
EMP0412,Neha Mehta,neha.mehta412@yahoo.com,D002,R004,L003
EMP0413,Aman Mishra,aman.mishra413@gmail.com,D005,R002,L001
EMP0414,Karan Verma,karan.verma414@outlook.com,D001,R001,L004
EMP0415,Riya Kapoor,riya.kapoor415@yahoo.com,D003,R002,L003
EMP0416,Aarav Sharma,aarav.sharma416@yahoo.com,D001,R001,L004
EMP0417,Karan Iyer,karan.iyer417@outlook.com,D005,R002,L002
EMP0418,Karan Singh,karan.singh418@outlook.com,D003,R003,L004
EMP0419,Sanya Joshi,sanya.joshi419@yahoo.com,D003,R003,L003
EMP0420,Aarav Verma,aarav.verma420@outlook.com,D005,R002,L004
EMP0421,Neha Mishra,neha.mishra421@yahoo.com,D004,R005,L002
EMP0422,Rahul Malhotra,rahul.malhotra422@yahoo.com,D001,R001,L002
EMP0423,Arjun Verma,arjun.verma423@gmail.com,D001,R001,L004
EMP0424,Aman Singh,aman.singh424@outlook.com,D003,R002,L001
EMP0425,Rohan Patel,rohan.patel425@outlook.com,D003,R003,L003
EMP0426,Karan Iyer,karan.iyer426@yahoo.com,D003,R003,L001
EMP0427,Pooja Gupta,pooja.gupta427@yahoo.com,D005,R002,L003
EMP0428,Aditya Reddy,aditya.reddy428@gmail.com,D001,R001,L001
EMP0429,Kavya Malhotra,kavya.malhotra429@yahoo.com,D005,R002,L002
EMP0430,Priya Iyer,priya.iyer430@gmail.com,D004,R005,L004
EMP0431,Arjun Agarwal,arjun.agarwal431@yahoo.com,D004,R005,L004
EMP0432,Ananya Patel,ananya.patel432@outlook.com,D003,R003,L003
EMP0433,Sanya Mishra,sanya.mishra433@outlook.com,D001,R001,L001
EMP0434,Ananya Reddy,ananya.reddy434@gmail.com,D003,R003,L001
EMP0435,Aditya Kapoor,aditya.kapoor435@gmail.com,D004,R005,L004
EMP0436,Sanya Sharma,sanya.sharma436@yahoo.com,D003,R003,L002
EMP0437,Arjun Reddy,arjun.reddy437@gmail.com,D003,R002,L003
EMP0438,Vivaan Singh,vivaan.singh438@yahoo.com,D003,R002,L003
EMP0439,Meera Iyer,meera.iyer439@outlook.com,D001,R001,L003
EMP0440,Rahul Gupta,rahul.gupta440@yahoo.com,D003,R002,L001
EMP0441,Sneha Mishra,sneha.mishra441@outlook.com,D004,R005,L002
EMP0442,Neha Verma,neha.verma442@gmail.com,D003,R003,L003
EMP0443,Ananya Mehta,ananya.mehta443@outlook.com,D004,R005,L002
EMP0444,Kavya Iyer,kavya.iyer444@gmail.com,D002,R004,L003
EMP0445,Neha Singh,neha.singh445@outlook.com,D003,R002,L002
EMP0446,Rohan Kapoor,rohan.kapoor446@yahoo.com,D001,R001,L001
EMP0447,Neha Gupta,neha.gupta447@yahoo.com,D002,R004,L002
EMP0448,Aarav Patel,aarav.patel448@outlook.com,D004,R005,L001
EMP0449,Priya Gupta,priya.gupta449@yahoo.com,D003,R002,L004
EMP0450,Nikhil Nair,nikhil.nair450@yahoo.com,D002,R004,L003
EMP0451,Vivaan Gupta,vivaan.gupta451@outlook.com,D004,R005,L003
EMP0452,Priya Mehta,priya.mehta452@gmail.com,D002,R004,L004
EMP0453,Rahul Mehta,rahul.mehta453@yahoo.com,D002,R004,L003
EMP0454,Kavya Mehta,kavya.mehta454@gmail.com,D003,R003,L003
EMP0455,Nikhil Singh,nikhil.singh455@gmail.com,D005,R002,L003
EMP0456,Sanya Joshi,sanya.joshi456@yahoo.com,D003,R002,L002
EMP0457,Arjun Patel,arjun.patel457@outlook.com,D003,R003,L003
EMP0458,Nikhil Verma,nikhil.verma458@outlook.com,D004,R005,L002
EMP0459,Sanya Patel,sanya.patel459@outlook.com,D003,R002,L002
EMP0460,Neha Iyer,neha.iyer460@yahoo.com,D004,R005,L003
EMP0461,Aditya Chauhan,aditya.chauhan461@outlook.com,D004,R005,L001
EMP0462,Aarav Joshi,aarav.joshi462@outlook.com,D002,R004,L004
EMP0463,Kavya Reddy,kavya.reddy463@gmail.com,D004,R005,L001
EMP0464,Rahul Nair,rahul.nair464@yahoo.com,D002,R004,L001
EMP0465,Aman Mishra,aman.mishra465@gmail.com,D001,R001,L001
EMP0466,Nikhil Reddy,nikhil.reddy466@gmail.com,D004,R005,L002
EMP0467,Aman Verma,aman.verma467@gmail.com,D003,R003,L003
EMP0468,Aditya Joshi,aditya.joshi468@outlook.com,D001,R001,L001
EMP0469,Aisha Mishra,aisha.mishra469@gmail.com,D004,R005,L002
EMP0470,Priya Nair,priya.nair470@gmail.com,D003,R003,L003
EMP0471,Aditya Malhotra,aditya.malhotra471@outlook.com,D004,R005,L001
EMP0472,Aman Mishra,aman.mishra472@yahoo.com,D003,R003,L003
EMP0473,Pooja Iyer,pooja.iyer473@yahoo.com,D002,R004,L002
EMP0474,Meera Nair,meera.nair474@yahoo.com,D001,R001,L003
EMP0475,Aarav Iyer,aarav.iyer475@outlook.com,D004,R005,L001
EMP0476,Nikhil Reddy,nikhil.reddy476@outlook.com,D003,R003,L001
EMP0477,Aditya Kapoor,aditya.kapoor477@outlook.com,D003,R002,L004
EMP0478,Ananya Mehta,ananya.mehta478@gmail.com,D005,R002,L004
EMP0479,Priya Agarwal,priya.agarwal479@gmail.com,D005,R002,L002
EMP0480,Sneha Joshi,sneha.joshi480@outlook.com,D005,R002,L001
EMP0481,Nikhil Nair,nikhil.nair481@yahoo.com,D004,R005,L001
EMP0482,Nikhil Agarwal,nikhil.agarwal482@outlook.com,D003,R003,L001
EMP0483,Meera Patel,meera.patel483@outlook.com,D003,R003,L002
EMP0484,Neha Singh,neha.singh484@yahoo.com,D003,R003,L003
EMP0485,Rohan Nair,rohan.nair485@gmail.com,D002,R004,L003
EMP0486,Rahul Patel,rahul.patel486@gmail.com,D005,R002,L001
EMP0487,Riya Singh,riya.singh487@outlook.com,D004,R005,L004
EMP0488,Sneha Gupta,sneha.gupta488@outlook.com,D005,R002,L001
EMP0489,Rahul Singh,rahul.singh489@gmail.com,D003,R002,L004
EMP0490,Ananya Patel,ananya.patel490@yahoo.com,D003,R002,L003
EMP0491,Sneha Joshi,sneha.joshi491@gmail.com,D001,R001,L002
EMP0492,Aisha Nair,aisha.nair492@outlook.com,D004,R005,L003
EMP0493,Ananya Agarwal,ananya.agarwal493@outlook.com,D005,R002,L002
EMP0494,Ananya Agarwal,ananya.agarwal494@yahoo.com,D003,R003,L004
EMP0495,Sneha Verma,sneha.verma495@gmail.com,D002,R004,L003
EMP0496,Karan Iyer,karan.iyer496@gmail.com,D002,R004,L003
EMP0497,Rohan Reddy,rohan.reddy497@outlook.com,D004,R005,L004
EMP0498,Nikhil Kapoor,nikhil.kapoor498@outlook.com,D002,R004,L004
EMP0499,Priya Patel,priya.patel499@yahoo.com,D003,R002,L004
EMP0500,Karan Mishra,karan.mishra500@gmail.com,D002,R004,L001
EMP0501,Aman Singh,aman.singh501@yahoo.com,D002,R004,L002
EMP0502,Ishita Mehta,ishita.mehta502@yahoo.com,D005,R002,L002
EMP0503,Aditya Verma,aditya.verma503@outlook.com,D001,R001,L001
EMP0504,Sneha Kapoor,sneha.kapoor504@gmail.com,D005,R002,L003
EMP0505,Karan Iyer,karan.iyer505@outlook.com,D004,R005,L004
EMP0506,Aditya Sharma,aditya.sharma506@gmail.com,D001,R001,L002
EMP0507,Arjun Gupta,arjun.gupta507@yahoo.com,D001,R001,L003
EMP0508,Riya Singh,riya.singh508@outlook.com,D005,R002,L004
EMP0509,Aman Agarwal,aman.agarwal509@outlook.com,D002,R004,L003
EMP0510,Karan Joshi,karan.joshi510@yahoo.com,D003,R003,L003
EMP0511,Riya Agarwal,riya.agarwal511@yahoo.com,D005,R002,L002
EMP0512,Sneha Nair,sneha.nair512@outlook.com,D002,R004,L002
EMP0513,Aman Iyer,aman.iyer513@outlook.com,D005,R002,L003
EMP0514,Aman Reddy,aman.reddy514@yahoo.com,D001,R001,L003
EMP0515,Aisha Verma,aisha.verma515@gmail.com,D002,R004,L001
EMP0516,Rahul Joshi,rahul.joshi516@gmail.com,D004,R005,L001
EMP0517,Aisha Verma,aisha.verma517@yahoo.com,D001,R001,L004
EMP0518,Arjun Kapoor,arjun.kapoor518@outlook.com,D003,R002,L004
EMP0519,Ananya Sharma,ananya.sharma519@gmail.com,D003,R003,L004
EMP0520,Priya Agarwal,priya.agarwal520@yahoo.com,D003,R003,L004
EMP0521,Aisha Verma,aisha.verma521@gmail.com,D003,R002,L001
EMP0522,Sneha Gupta,sneha.gupta522@outlook.com,D004,R005,L001
EMP0523,Kavya Verma,kavya.verma523@outlook.com,D004,R005,L002
EMP0524,Rahul Gupta,rahul.gupta524@gmail.com,D001,R001,L003
EMP0525,Ananya Iyer,ananya.iyer525@yahoo.com,D003,R003,L002
EMP0526,Vivaan Iyer,vivaan.iyer526@yahoo.com,D004,R005,L003
EMP0527,Ishita Iyer,ishita.iyer527@yahoo.com,D005,R002,L001
EMP0528,Ananya Patel,ananya.patel528@outlook.com,D004,R005,L004
EMP0529,Meera Reddy,meera.reddy529@outlook.com,D002,R004,L003
EMP0530,Riya Sharma,riya.sharma530@yahoo.com,D001,R001,L001
EMP0531,Pooja Chauhan,pooja.chauhan531@yahoo.com,D005,R002,L001
EMP0532,Aisha Joshi,aisha.joshi532@outlook.com,D002,R004,L003
EMP0533,Kavya Chauhan,kavya.chauhan533@gmail.com,D001,R001,L001
EMP0534,Priya Kapoor,priya.kapoor534@outlook.com,D002,R004,L003
EMP0535,Vivaan Chauhan,vivaan.chauhan535@gmail.com,D004,R005,L002
EMP0536,Arjun Sharma,arjun.sharma536@yahoo.com,D004,R005,L003
EMP0537,Riya Nair,riya.nair537@gmail.com,D005,R002,L003
EMP0538,Aisha Agarwal,aisha.agarwal538@yahoo.com,D003,R003,L001
EMP0539,Riya Reddy,riya.reddy539@outlook.com,D002,R004,L004
EMP0540,Pooja Iyer,pooja.iyer540@yahoo.com,D003,R002,L004
EMP0541,Ananya Nair,ananya.nair541@outlook.com,D003,R002,L003
EMP0542,Neha Gupta,neha.gupta542@gmail.com,D002,R004,L001
EMP0543,Priya Kapoor,priya.kapoor543@yahoo.com,D004,R005,L004
EMP0544,Nikhil Gupta,nikhil.gupta544@outlook.com,D002,R004,L003
EMP0545,Neha Sharma,neha.sharma545@outlook.com,D001,R001,L002
EMP0546,Kavya Malhotra,kavya.malhotra546@outlook.com,D003,R002,L002
EMP0547,Aisha Joshi,aisha.joshi547@outlook.com,D004,R005,L002
EMP0548,Meera Iyer,meera.iyer548@gmail.com,D002,R004,L002
EMP0549,Kavya Singh,kavya.singh549@outlook.com,D001,R001,L001
EMP0550,Ananya Mishra,ananya.mishra550@yahoo.com,D002,R004,L003
EMP0551,Riya Verma,riya.verma551@gmail.com,D002,R004,L003
EMP0552,Nikhil Singh,nikhil.singh552@yahoo.com,D005,R002,L001
EMP0553,Aditya Reddy,aditya.reddy553@yahoo.com,D001,R001,L002
EMP0554,Aarav Kapoor,aarav.kapoor554@outlook.com,D004,R005,L004
EMP0555,Ananya Gupta,ananya.gupta555@yahoo.com,D005,R002,L004
EMP0556,Neha Kapoor,neha.kapoor556@outlook.com,D003,R002,L001
EMP0557,Rohan Singh,rohan.singh557@yahoo.com,D001,R001,L002
EMP0558,Meera Iyer,meera.iyer558@gmail.com,D003,R002,L001
EMP0559,Arjun Mehta,arjun.mehta559@outlook.com,D003,R002,L002
EMP0560,Pooja Mehta,pooja.mehta560@outlook.com,D002,R004,L004
EMP0561,Aman Sharma,aman.sharma561@outlook.com,D003,R003,L001
EMP0562,Rohan Kapoor,rohan.kapoor562@outlook.com,D004,R005,L003
EMP0563,Aarav Agarwal,aarav.agarwal563@yahoo.com,D003,R002,L003
EMP0564,Pooja Mishra,pooja.mishra564@yahoo.com,D001,R001,L004
EMP0565,Nikhil Sharma,nikhil.sharma565@yahoo.com,D004,R005,L001
EMP0566,Arjun Malhotra,arjun.malhotra566@outlook.com,D004,R005,L001
EMP0567,Sanya Singh,sanya.singh567@gmail.com,D003,R002,L004
EMP0568,Priya Chauhan,priya.chauhan568@outlook.com,D001,R001,L003
EMP0569,Kavya Singh,kavya.singh569@yahoo.com,D002,R004,L004
EMP0570,Aditya Malhotra,aditya.malhotra570@gmail.com,D005,R002,L004
EMP0571,Rohan Mishra,rohan.mishra571@outlook.com,D005,R002,L001
EMP0572,Riya Malhotra,riya.malhotra572@yahoo.com,D005,R002,L001
EMP0573,Aditya Singh,aditya.singh573@gmail.com,D001,R001,L003
EMP0574,Nikhil Joshi,nikhil.joshi574@outlook.com,D004,R005,L002
EMP0575,Sneha Gupta,sneha.gupta575@outlook.com,D001,R001,L003
EMP0576,Nikhil Mishra,nikhil.mishra576@outlook.com,D001,R001,L004
EMP0577,Aarav Kapoor,aarav.kapoor577@outlook.com,D005,R002,L002
EMP0578,Karan Verma,karan.verma578@yahoo.com,D004,R005,L004
EMP0579,Aman Joshi,aman.joshi579@gmail.com,D005,R002,L001
EMP0580,Nikhil Mehta,nikhil.mehta580@gmail.com,D001,R001,L004
EMP0581,Karan Gupta,karan.gupta581@outlook.com,D003,R003,L002
EMP0582,Rahul Kapoor,rahul.kapoor582@outlook.com,D003,R003,L004
EMP0583,Riya Mishra,riya.mishra583@gmail.com,D004,R005,L004
EMP0584,Karan Chauhan,karan.chauhan584@yahoo.com,D005,R002,L002
EMP0585,Rohan Reddy,rohan.reddy585@yahoo.com,D004,R005,L003
EMP0586,Arjun Verma,arjun.verma586@outlook.com,D002,R004,L001
EMP0587,Sneha Chauhan,sneha.chauhan587@gmail.com,D002,R004,L002
EMP0588,Nikhil Reddy,nikhil.reddy588@outlook.com,D003,R003,L003
EMP0589,Vivaan Singh,vivaan.singh589@outlook.com,D001,R001,L004
EMP0590,Ananya Patel,ananya.patel590@outlook.com,D003,R002,L004
EMP0591,Meera Mehta,meera.mehta591@gmail.com,D003,R002,L002
EMP0592,Aisha Mehta,aisha.mehta592@outlook.com,D003,R002,L003
EMP0593,Pooja Gupta,pooja.gupta593@yahoo.com,D001,R001,L003
EMP0594,Aarav Reddy,aarav.reddy594@yahoo.com,D003,R002,L003
EMP0595,Kavya Singh,kavya.singh595@gmail.com,D001,R001,L002
EMP0596,Aisha Reddy,aisha.reddy596@outlook.com,D003,R003,L001
EMP0597,Rahul Nair,rahul.nair597@gmail.com,D002,R004,L004
EMP0598,Nikhil Joshi,nikhil.joshi598@outlook.com,D003,R003,L002
EMP0599,Pooja Joshi,pooja.joshi599@outlook.com,D005,R002,L003
EMP0600,Nikhil Agarwal,nikhil.agarwal600@gmail.com,D004,R005,L002
EMP0601,Kavya Mishra,kavya.mishra601@yahoo.com,D002,R004,L004
EMP0602,Riya Singh,riya.singh602@gmail.com,D003,R003,L002
EMP0603,Ishita Singh,ishita.singh603@gmail.com,D004,R005,L002
EMP0604,Aarav Nair,aarav.nair604@outlook.com,D003,R002,L004
EMP0605,Vivaan Joshi,vivaan.joshi605@outlook.com,D003,R003,L002
EMP0606,Vivaan Agarwal,vivaan.agarwal606@yahoo.com,D005,R002,L001
EMP0607,Priya Reddy,priya.reddy607@yahoo.com,D003,R003,L003
EMP0608,Aisha Singh,aisha.singh608@yahoo.com,D004,R005,L003
EMP0609,Karan Kapoor,karan.kapoor609@gmail.com,D002,R004,L002
EMP0610,Aman Joshi,aman.joshi610@yahoo.com,D002,R004,L003
EMP0611,Rohan Patel,rohan.patel611@outlook.com,D002,R004,L004
EMP0612,Neha Sharma,neha.sharma612@gmail.com,D001,R001,L003
EMP0613,Neha Iyer,neha.iyer613@gmail.com,D002,R004,L002
EMP0614,Arjun Patel,arjun.patel614@yahoo.com,D003,R002,L004
EMP0615,Kavya Chauhan,kavya.chauhan615@gmail.com,D004,R005,L002
EMP0616,Arjun Mehta,arjun.mehta616@yahoo.com,D005,R002,L003
EMP0617,Aditya Kapoor,aditya.kapoor617@gmail.com,D003,R002,L003
EMP0618,Ishita Gupta,ishita.gupta618@outlook.com,D001,R001,L004
EMP0619,Riya Chauhan,riya.chauhan619@outlook.com,D003,R002,L002
EMP0620,Rohan Agarwal,rohan.agarwal620@yahoo.com,D001,R001,L001
EMP0621,Neha Nair,neha.nair621@yahoo.com,D005,R002,L001
EMP0622,Rahul Singh,rahul.singh622@yahoo.com,D003,R003,L001
EMP0623,Rahul Nair,rahul.nair623@gmail.com,D002,R004,L004
EMP0624,Rahul Kapoor,rahul.kapoor624@outlook.com,D003,R002,L004
EMP0625,Aman Mehta,aman.mehta625@outlook.com,D001,R001,L004
EMP0626,Rohan Malhotra,rohan.malhotra626@yahoo.com,D004,R005,L001
EMP0627,Aditya Iyer,aditya.iyer627@gmail.com,D002,R004,L002
EMP0628,Meera Iyer,meera.iyer628@yahoo.com,D003,R003,L001
EMP0629,Ishita Sharma,ishita.sharma629@outlook.com,D003,R002,L003
EMP0630,Riya Singh,riya.singh630@outlook.com,D003,R003,L001
EMP0631,Ishita Agarwal,ishita.agarwal631@outlook.com,D002,R004,L002
EMP0632,Riya Gupta,riya.gupta632@gmail.com,D001,R001,L001
EMP0633,Kavya Reddy,kavya.reddy633@outlook.com,D003,R002,L001
EMP0634,Sneha Joshi,sneha.joshi634@yahoo.com,D001,R001,L003
EMP0635,Riya Reddy,riya.reddy635@outlook.com,D003,R003,L004
EMP0636,Rahul Mehta,rahul.mehta636@yahoo.com,D001,R001,L002
EMP0637,Ananya Sharma,ananya.sharma637@outlook.com,D002,R004,L004
EMP0638,Sneha Nair,sneha.nair638@gmail.com,D004,R005,L002
EMP0639,Aisha Gupta,aisha.gupta639@yahoo.com,D003,R003,L003
EMP0640,Kavya Verma,kavya.verma640@yahoo.com,D003,R002,L002
EMP0641,Ishita Agarwal,ishita.agarwal641@gmail.com,D005,R002,L003
EMP0642,Kavya Verma,kavya.verma642@outlook.com,D004,R005,L001
EMP0643,Aditya Iyer,aditya.iyer643@yahoo.com,D001,R001,L001
EMP0644,Aisha Joshi,aisha.joshi644@gmail.com,D003,R003,L002
EMP0645,Priya Gupta,priya.gupta645@gmail.com,D003,R002,L002
EMP0646,Arjun Reddy,arjun.reddy646@yahoo.com,D002,R004,L002
EMP0647,Aditya Singh,aditya.singh647@gmail.com,D002,R004,L004
EMP0648,Sneha Agarwal,sneha.agarwal648@yahoo.com,D003,R003,L004
EMP0649,Rahul Chauhan,rahul.chauhan649@outlook.com,D005,R002,L004
EMP0650,Priya Reddy,priya.reddy650@yahoo.com,D003,R003,L001
EMP0651,Vivaan Chauhan,vivaan.chauhan651@yahoo.com,D005,R002,L002
EMP0652,Vivaan Nair,vivaan.nair652@gmail.com,D004,R005,L004
EMP0653,Aarav Chauhan,aarav.chauhan653@outlook.com,D001,R001,L002
EMP0654,Ishita Reddy,ishita.reddy654@yahoo.com,D002,R004,L004
EMP0655,Nikhil Sharma,nikhil.sharma655@gmail.com,D005,R002,L004
EMP0656,Vivaan Nair,vivaan.nair656@gmail.com,D003,R003,L003
EMP0657,Rahul Sharma,rahul.sharma657@outlook.com,D003,R003,L003
EMP0658,Aisha Gupta,aisha.gupta658@outlook.com,D004,R005,L001
EMP0659,Nikhil Chauhan,nikhil.chauhan659@yahoo.com,D005,R002,L003
EMP0660,Aarav Patel,aarav.patel660@gmail.com,D002,R004,L002
EMP0661,Aman Mehta,aman.mehta661@gmail.com,D001,R001,L004
EMP0662,Arjun Reddy,arjun.reddy662@gmail.com,D003,R003,L003
EMP0663,Neha Patel,neha.patel663@yahoo.com,D002,R004,L001
EMP0664,Rohan Verma,rohan.verma664@outlook.com,D001,R001,L003
EMP0665,Nikhil Agarwal,nikhil.agarwal665@yahoo.com,D004,R005,L002
EMP0666,Vivaan Verma,vivaan.verma666@outlook.com,D001,R001,L001
EMP0667,Aisha Patel,aisha.patel667@outlook.com,D005,R002,L004
EMP0668,Karan Joshi,karan.joshi668@yahoo.com,D003,R002,L003
EMP0669,Sneha Kapoor,sneha.kapoor669@gmail.com,D004,R005,L003
EMP0670,Karan Reddy,karan.reddy670@gmail.com,D001,R001,L004
EMP0671,Rohan Iyer,rohan.iyer671@outlook.com,D003,R002,L002
EMP0672,Nikhil Kapoor,nikhil.kapoor672@gmail.com,D004,R005,L003
EMP0673,Ananya Malhotra,ananya.malhotra673@gmail.com,D003,R003,L004
EMP0674,Vivaan Iyer,vivaan.iyer674@outlook.com,D001,R001,L002
EMP0675,Riya Agarwal,riya.agarwal675@outlook.com,D004,R005,L001
EMP0676,Riya Malhotra,riya.malhotra676@outlook.com,D003,R002,L002
EMP0677,Neha Joshi,neha.joshi677@gmail.com,D002,R004,L004
EMP0678,Vivaan Reddy,vivaan.reddy678@gmail.com,D002,R004,L004
EMP0679,Ishita Singh,ishita.singh679@yahoo.com,D003,R003,L003
EMP0680,Pooja Iyer,pooja.iyer680@gmail.com,D002,R004,L002
EMP0681,Ananya Chauhan,ananya.chauhan681@gmail.com,D002,R004,L002
EMP0682,Neha Verma,neha.verma682@outlook.com,D005,R002,L002
EMP0683,Rahul Nair,rahul.nair683@outlook.com,D002,R004,L002
EMP0684,Neha Chauhan,neha.chauhan684@yahoo.com,D005,R002,L003
EMP0685,Sanya Reddy,sanya.reddy685@yahoo.com,D001,R001,L003
EMP0686,Rahul Chauhan,rahul.chauhan686@gmail.com,D003,R002,L003
EMP0687,Rahul Patel,rahul.patel687@outlook.com,D005,R002,L003
EMP0688,Arjun Malhotra,arjun.malhotra688@outlook.com,D001,R001,L003
EMP0689,Meera Iyer,meera.iyer689@yahoo.com,D001,R001,L001
EMP0690,Riya Mishra,riya.mishra690@outlook.com,D001,R001,L002
EMP0691,Vivaan Joshi,vivaan.joshi691@gmail.com,D002,R004,L003
EMP0692,Rohan Joshi,rohan.joshi692@outlook.com,D003,R002,L004
EMP0693,Pooja Malhotra,pooja.malhotra693@yahoo.com,D002,R004,L003
EMP0694,Aditya Mishra,aditya.mishra694@gmail.com,D004,R005,L001
EMP0695,Rohan Sharma,rohan.sharma695@yahoo.com,D002,R004,L001
EMP0696,Sanya Mehta,sanya.mehta696@yahoo.com,D003,R003,L004
EMP0697,Neha Agarwal,neha.agarwal697@gmail.com,D003,R002,L003
EMP0698,Ishita Gupta,ishita.gupta698@gmail.com,D003,R003,L001
EMP0699,Ishita Gupta,ishita.gupta699@gmail.com,D001,R001,L003
EMP0700,Aarav Chauhan,aarav.chauhan700@gmail.com,D005,R002,L003
EMP0701,Aarav Nair,aarav.nair701@outlook.com,D004,R005,L002
EMP0702,Kavya Sharma,kavya.sharma702@outlook.com,D003,R002,L002
EMP0703,Ishita Iyer,ishita.iyer703@yahoo.com,D004,R005,L002
EMP0704,Aditya Nair,aditya.nair704@yahoo.com,D003,R003,L001
EMP0705,Kavya Reddy,kavya.reddy705@outlook.com,D005,R002,L002
EMP0706,Ishita Reddy,ishita.reddy706@yahoo.com,D003,R002,L004
EMP0707,Riya Mishra,riya.mishra707@gmail.com,D004,R005,L004
EMP0708,Aditya Mishra,aditya.mishra708@gmail.com,D004,R005,L001
EMP0709,Sneha Mishra,sneha.mishra709@outlook.com,D003,R003,L004
EMP0710,Meera Iyer,meera.iyer710@gmail.com,D002,R004,L003
EMP0711,Aisha Singh,aisha.singh711@yahoo.com,D003,R002,L004
EMP0712,Pooja Sharma,pooja.sharma712@outlook.com,D003,R003,L003
EMP0713,Ananya Chauhan,ananya.chauhan713@yahoo.com,D002,R004,L004
EMP0714,Karan Chauhan,karan.chauhan714@outlook.com,D001,R001,L003
EMP0715,Meera Sharma,meera.sharma715@gmail.com,D003,R002,L004
EMP0716,Aman Chauhan,aman.chauhan716@outlook.com,D003,R003,L001
EMP0717,Pooja Singh,pooja.singh717@gmail.com,D003,R003,L003
EMP0718,Sanya Joshi,sanya.joshi718@gmail.com,D003,R002,L001
EMP0719,Aisha Joshi,aisha.joshi719@gmail.com,D005,R002,L003
EMP0720,Rahul Joshi,rahul.joshi720@gmail.com,D003,R002,L001
EMP0721,Kavya Mehta,kavya.mehta721@gmail.com,D004,R005,L002
EMP0722,Sneha Kapoor,sneha.kapoor722@outlook.com,D003,R002,L003
EMP0723,Pooja Agarwal,pooja.agarwal723@outlook.com,D004,R005,L003
EMP0724,Aman Singh,aman.singh724@outlook.com,D003,R002,L004
EMP0725,Rohan Verma,rohan.verma725@gmail.com,D003,R002,L001
EMP0726,Meera Chauhan,meera.chauhan726@yahoo.com,D003,R002,L003
EMP0727,Karan Gupta,karan.gupta727@outlook.com,D002,R004,L003
EMP0728,Priya Singh,priya.singh728@gmail.com,D003,R002,L001
EMP0729,Karan Iyer,karan.iyer729@gmail.com,D005,R002,L001
EMP0730,Priya Chauhan,priya.chauhan730@yahoo.com,D002,R004,L001
EMP0731,Sneha Mishra,sneha.mishra731@yahoo.com,D003,R003,L002
EMP0732,Aditya Chauhan,aditya.chauhan732@gmail.com,D001,R001,L001
EMP0733,Aman Iyer,aman.iyer733@gmail.com,D001,R001,L004
EMP0734,Ishita Kapoor,ishita.kapoor734@gmail.com,D003,R002,L004
EMP0735,Aarav Agarwal,aarav.agarwal735@yahoo.com,D003,R002,L004
EMP0736,Rahul Malhotra,rahul.malhotra736@yahoo.com,D001,R001,L004
EMP0737,Nikhil Reddy,nikhil.reddy737@gmail.com,D001,R001,L004
EMP0738,Pooja Agarwal,pooja.agarwal738@outlook.com,D003,R002,L001
EMP0739,Arjun Chauhan,arjun.chauhan739@gmail.com,D003,R003,L001
EMP0740,Priya Iyer,priya.iyer740@yahoo.com,D003,R002,L003
EMP0741,Aarav Sharma,aarav.sharma741@yahoo.com,D003,R002,L003
EMP0742,Aisha Verma,aisha.verma742@yahoo.com,D005,R002,L001
EMP0743,Vivaan Mehta,vivaan.mehta743@yahoo.com,D002,R004,L002
EMP0744,Pooja Joshi,pooja.joshi744@gmail.com,D003,R002,L003
EMP0745,Riya Agarwal,riya.agarwal745@outlook.com,D005,R002,L003
EMP0746,Nikhil Joshi,nikhil.joshi746@yahoo.com,D005,R002,L002
EMP0747,Riya Chauhan,riya.chauhan747@yahoo.com,D004,R005,L002
EMP0748,Priya Patel,priya.patel748@gmail.com,D001,R001,L004
EMP0749,Neha Iyer,neha.iyer749@outlook.com,D002,R004,L003
EMP0750,Meera Malhotra,meera.malhotra750@gmail.com,D003,R002,L001
EMP0751,Aisha Mehta,aisha.mehta751@outlook.com,D002,R004,L001
EMP0752,Meera Reddy,meera.reddy752@gmail.com,D005,R002,L003
EMP0753,Aman Nair,aman.nair753@gmail.com,D003,R002,L002
EMP0754,Sneha Reddy,sneha.reddy754@outlook.com,D003,R002,L003
EMP0755,Rohan Kapoor,rohan.kapoor755@yahoo.com,D002,R004,L004
EMP0756,Kavya Kapoor,kavya.kapoor756@gmail.com,D005,R002,L004
EMP0757,Aisha Patel,aisha.patel757@gmail.com,D004,R005,L003
EMP0758,Ananya Mishra,ananya.mishra758@yahoo.com,D005,R002,L001
EMP0759,Nikhil Mishra,nikhil.mishra759@outlook.com,D003,R002,L003
EMP0760,Aman Kapoor,aman.kapoor760@outlook.com,D004,R005,L003
EMP0761,Meera Iyer,meera.iyer761@yahoo.com,D003,R002,L003
EMP0762,Neha Verma,neha.verma762@gmail.com,D002,R004,L003
EMP0763,Vivaan Iyer,vivaan.iyer763@outlook.com,D003,R002,L004
EMP0764,Sneha Mehta,sneha.mehta764@yahoo.com,D002,R004,L001
EMP0765,Aisha Malhotra,aisha.malhotra765@yahoo.com,D005,R002,L001
EMP0766,Arjun Reddy,arjun.reddy766@gmail.com,D004,R005,L004
EMP0767,Meera Chauhan,meera.chauhan767@outlook.com,D002,R004,L002
EMP0768,Aisha Mishra,aisha.mishra768@gmail.com,D001,R001,L002
EMP0769,Kavya Verma,kavya.verma769@gmail.com,D004,R005,L002
EMP0770,Arjun Mishra,arjun.mishra770@outlook.com,D005,R002,L001
EMP0771,Karan Chauhan,karan.chauhan771@outlook.com,D005,R002,L002
EMP0772,Meera Kapoor,meera.kapoor772@yahoo.com,D002,R004,L001
EMP0773,Rohan Kapoor,rohan.kapoor773@yahoo.com,D001,R001,L002
EMP0774,Ananya Malhotra,ananya.malhotra774@outlook.com,D005,R002,L003
EMP0775,Kavya Joshi,kavya.joshi775@gmail.com,D004,R005,L004
EMP0776,Sanya Verma,sanya.verma776@yahoo.com,D003,R002,L003
EMP0777,Priya Malhotra,priya.malhotra777@yahoo.com,D004,R005,L001
EMP0778,Kavya Patel,kavya.patel778@yahoo.com,D002,R004,L001
EMP0779,Riya Chauhan,riya.chauhan779@outlook.com,D003,R003,L004
EMP0780,Ananya Iyer,ananya.iyer780@gmail.com,D003,R003,L001
EMP0781,Riya Agarwal,riya.agarwal781@outlook.com,D004,R005,L004
EMP0782,Aarav Sharma,aarav.sharma782@yahoo.com,D003,R003,L002
EMP0783,Aarav Iyer,aarav.iyer783@yahoo.com,D003,R002,L004
EMP0784,Rohan Chauhan,rohan.chauhan784@outlook.com,D005,R002,L002
EMP0785,Vivaan Kapoor,vivaan.kapoor785@yahoo.com,D005,R002,L001
EMP0786,Sneha Malhotra,sneha.malhotra786@yahoo.com,D004,R005,L001
EMP0787,Neha Joshi,neha.joshi787@outlook.com,D005,R002,L004
EMP0788,Neha Malhotra,neha.malhotra788@gmail.com,D004,R005,L002
EMP0789,Arjun Joshi,arjun.joshi789@outlook.com,D004,R005,L001
EMP0790,Riya Mehta,riya.mehta790@yahoo.com,D001,R001,L003
EMP0791,Arjun Kapoor,arjun.kapoor791@yahoo.com,D005,R002,L001
EMP0792,Meera Sharma,meera.sharma792@gmail.com,D003,R003,L003
EMP0793,Aman Nair,aman.nair793@gmail.com,D004,R005,L002
EMP0794,Vivaan Agarwal,vivaan.agarwal794@gmail.com,D002,R004,L004
EMP0795,Arjun Sharma,arjun.sharma795@gmail.com,D003,R002,L001
EMP0796,Vivaan Gupta,vivaan.gupta796@outlook.com,D003,R002,L002
EMP0797,Aditya Chauhan,aditya.chauhan797@gmail.com,D005,R002,L004
EMP0798,Aman Sharma,aman.sharma798@outlook.com,D001,R001,L001
EMP0799,Priya Patel,priya.patel799@yahoo.com,D005,R002,L002
EMP0800,Rahul Gupta,rahul.gupta800@outlook.com,D005,R002,L004
EMP0801,Aarav Mehta,aarav.mehta801@gmail.com,D003,R003,L002
EMP0802,Aman Nair,aman.nair802@yahoo.com,D004,R005,L003
EMP0803,Sanya Malhotra,sanya.malhotra803@gmail.com,D005,R002,L004
EMP0804,Priya Singh,priya.singh804@outlook.com,D003,R002,L001
EMP0805,Riya Kapoor,riya.kapoor805@gmail.com,D003,R002,L002
EMP0806,Meera Malhotra,meera.malhotra806@gmail.com,D004,R005,L004
EMP0807,Aditya Patel,aditya.patel807@gmail.com,D004,R005,L004
EMP0808,Vivaan Singh,vivaan.singh808@outlook.com,D004,R005,L002
EMP0809,Sneha Mehta,sneha.mehta809@gmail.com,D003,R003,L003
EMP0810,Aisha Patel,aisha.patel810@gmail.com,D004,R005,L002
EMP0811,Meera Joshi,meera.joshi811@outlook.com,D005,R002,L001
EMP0812,Vivaan Agarwal,vivaan.agarwal812@yahoo.com,D005,R002,L002
EMP0813,Kavya Singh,kavya.singh813@gmail.com,D004,R005,L003
EMP0814,Rahul Reddy,rahul.reddy814@gmail.com,D003,R003,L004
EMP0815,Aarav Mehta,aarav.mehta815@yahoo.com,D002,R004,L001
EMP0816,Rohan Kapoor,rohan.kapoor816@gmail.com,D001,R001,L002
EMP0817,Sanya Mishra,sanya.mishra817@yahoo.com,D004,R005,L001
EMP0818,Rohan Sharma,rohan.sharma818@yahoo.com,D002,R004,L001
EMP0819,Aman Verma,aman.verma819@gmail.com,D005,R002,L004
EMP0820,Neha Verma,neha.verma820@gmail.com,D005,R002,L001
EMP0821,Kavya Mishra,kavya.mishra821@outlook.com,D004,R005,L003
EMP0822,Nikhil Joshi,nikhil.joshi822@outlook.com,D003,R003,L004
EMP0823,Rahul Agarwal,rahul.agarwal823@outlook.com,D003,R003,L001
EMP0824,Rahul Malhotra,rahul.malhotra824@outlook.com,D003,R002,L003
EMP0825,Aarav Sharma,aarav.sharma825@outlook.com,D003,R002,L001
EMP0826,Vivaan Mishra,vivaan.mishra826@outlook.com,D003,R002,L003
EMP0827,Ishita Nair,ishita.nair827@outlook.com,D003,R003,L003
EMP0828,Priya Verma,priya.verma828@outlook.com,D004,R005,L004
EMP0829,Riya Iyer,riya.iyer829@gmail.com,D003,R002,L003
EMP0830,Nikhil Malhotra,nikhil.malhotra830@gmail.com,D004,R005,L004
EMP0831,Meera Mishra,meera.mishra831@gmail.com,D003,R003,L003
EMP0832,Meera Malhotra,meera.malhotra832@gmail.com,D005,R002,L002
EMP0833,Arjun Chauhan,arjun.chauhan833@gmail.com,D005,R002,L003
EMP0834,Pooja Mishra,pooja.mishra834@outlook.com,D001,R001,L001
EMP0835,Rohan Patel,rohan.patel835@outlook.com,D004,R005,L001
EMP0836,Vivaan Gupta,vivaan.gupta836@gmail.com,D004,R005,L001
EMP0837,Pooja Agarwal,pooja.agarwal837@gmail.com,D003,R002,L002
EMP0838,Nikhil Nair,nikhil.nair838@outlook.com,D003,R002,L001
EMP0839,Sanya Verma,sanya.verma839@gmail.com,D003,R002,L001
EMP0840,Vivaan Nair,vivaan.nair840@yahoo.com,D004,R005,L004
EMP0841,Karan Singh,karan.singh841@gmail.com,D001,R001,L002
EMP0842,Aarav Singh,aarav.singh842@yahoo.com,D005,R002,L004
EMP0843,Aisha Kapoor,aisha.kapoor843@yahoo.com,D003,R003,L001
EMP0844,Vivaan Sharma,vivaan.sharma844@outlook.com,D005,R002,L003
EMP0845,Aman Chauhan,aman.chauhan845@yahoo.com,D003,R002,L002
EMP0846,Pooja Nair,pooja.nair846@gmail.com,D004,R005,L004
EMP0847,Riya Nair,riya.nair847@gmail.com,D005,R002,L002
EMP0848,Karan Mishra,karan.mishra848@outlook.com,D004,R005,L003
EMP0849,Aman Kapoor,aman.kapoor849@yahoo.com,D003,R003,L004
EMP0850,Priya Malhotra,priya.malhotra850@yahoo.com,D004,R005,L003
EMP0851,Karan Joshi,karan.joshi851@gmail.com,D003,R003,L001
EMP0852,Aditya Verma,aditya.verma852@gmail.com,D005,R002,L002
EMP0853,Priya Gupta,priya.gupta853@yahoo.com,D001,R001,L002
EMP0854,Meera Reddy,meera.reddy854@gmail.com,D003,R003,L002
EMP0855,Priya Joshi,priya.joshi855@outlook.com,D003,R002,L004
EMP0856,Rohan Iyer,rohan.iyer856@outlook.com,D002,R004,L001
EMP0857,Sanya Malhotra,sanya.malhotra857@gmail.com,D003,R002,L001
EMP0858,Sneha Patel,sneha.patel858@yahoo.com,D005,R002,L003
EMP0859,Nikhil Verma,nikhil.verma859@outlook.com,D003,R003,L004
EMP0860,Aarav Singh,aarav.singh860@yahoo.com,D003,R003,L004
EMP0861,Riya Singh,riya.singh861@outlook.com,D004,R005,L003
EMP0862,Nikhil Malhotra,nikhil.malhotra862@yahoo.com,D004,R005,L003
EMP0863,Rohan Sharma,rohan.sharma863@yahoo.com,D001,R001,L004
EMP0864,Ishita Mehta,ishita.mehta864@outlook.com,D003,R003,L002
EMP0865,Pooja Iyer,pooja.iyer865@outlook.com,D005,R002,L004
EMP0866,Arjun Verma,arjun.verma866@yahoo.com,D005,R002,L004
EMP0867,Meera Mishra,meera.mishra867@gmail.com,D003,R002,L002
EMP0868,Sanya Nair,sanya.nair868@gmail.com,D005,R002,L001
EMP0869,Arjun Gupta,arjun.gupta869@gmail.com,D002,R004,L004
EMP0870,Aarav Malhotra,aarav.malhotra870@gmail.com,D004,R005,L001
EMP0871,Aditya Mishra,aditya.mishra871@yahoo.com,D003,R002,L003
EMP0872,Riya Singh,riya.singh872@yahoo.com,D004,R005,L002
EMP0873,Vivaan Agarwal,vivaan.agarwal873@yahoo.com,D003,R002,L001
EMP0874,Ananya Sharma,ananya.sharma874@gmail.com,D004,R005,L001
EMP0875,Priya Mishra,priya.mishra875@yahoo.com,D003,R002,L002
EMP0876,Aman Nair,aman.nair876@yahoo.com,D003,R002,L001
EMP0877,Priya Patel,priya.patel877@gmail.com,D003,R002,L004
EMP0878,Nikhil Chauhan,nikhil.chauhan878@gmail.com,D003,R002,L003
EMP0879,Rahul Joshi,rahul.joshi879@gmail.com,D003,R002,L002
EMP0880,Aman Mishra,aman.mishra880@yahoo.com,D002,R004,L004
EMP0881,Priya Gupta,priya.gupta881@gmail.com,D003,R003,L004
EMP0882,Karan Mehta,karan.mehta882@gmail.com,D003,R002,L002
EMP0883,Karan Nair,karan.nair883@outlook.com,D002,R004,L002
EMP0884,Kavya Singh,kavya.singh884@yahoo.com,D003,R002,L003
EMP0885,Rahul Chauhan,rahul.chauhan885@gmail.com,D005,R002,L002
EMP0886,Rahul Gupta,rahul.gupta886@gmail.com,D004,R005,L003
EMP0887,Ishita Sharma,ishita.sharma887@outlook.com,D005,R002,L004
EMP0888,Vivaan Gupta,vivaan.gupta888@outlook.com,D003,R002,L001
EMP0889,Vivaan Mishra,vivaan.mishra889@outlook.com,D002,R004,L001
EMP0890,Pooja Kapoor,pooja.kapoor890@yahoo.com,D001,R001,L004
EMP0891,Meera Patel,meera.patel891@outlook.com,D002,R004,L004
EMP0892,Ananya Verma,ananya.verma892@yahoo.com,D001,R001,L004
EMP0893,Vivaan Malhotra,vivaan.malhotra893@yahoo.com,D001,R001,L003
EMP0894,Aarav Iyer,aarav.iyer894@gmail.com,D005,R002,L002
EMP0895,Pooja Agarwal,pooja.agarwal895@gmail.com,D002,R004,L001
EMP0896,Ishita Singh,ishita.singh896@outlook.com,D002,R004,L002
EMP0897,Sneha Sharma,sneha.sharma897@yahoo.com,D002,R004,L002
EMP0898,Neha Agarwal,neha.agarwal898@gmail.com,D004,R005,L004
EMP0899,Priya Singh,priya.singh899@gmail.com,D005,R002,L003
EMP0900,Rohan Chauhan,rohan.chauhan900@outlook.com,D001,R001,L001
EMP0901,Neha Gupta,neha.gupta901@yahoo.com,D002,R004,L001
EMP0902,Riya Chauhan,riya.chauhan902@gmail.com,D005,R002,L002
EMP0903,Nikhil Joshi,nikhil.joshi903@gmail.com,D001,R001,L003
EMP0904,Meera Patel,meera.patel904@outlook.com,D003,R003,L002
EMP0905,Riya Singh,riya.singh905@yahoo.com,D004,R005,L001
EMP0906,Aarav Kapoor,aarav.kapoor906@yahoo.com,D003,R003,L002
EMP0907,Nikhil Patel,nikhil.patel907@outlook.com,D004,R005,L002
EMP0908,Aman Singh,aman.singh908@yahoo.com,D005,R002,L003
EMP0909,Aarav Iyer,aarav.iyer909@yahoo.com,D004,R005,L001
EMP0910,Ishita Kapoor,ishita.kapoor910@outlook.com,D005,R002,L002
EMP0911,Arjun Sharma,arjun.sharma911@outlook.com,D003,R002,L002
EMP0912,Sneha Singh,sneha.singh912@gmail.com,D005,R002,L001
EMP0913,Nikhil Sharma,nikhil.sharma913@yahoo.com,D003,R002,L001
EMP0914,Aditya Kapoor,aditya.kapoor914@outlook.com,D001,R001,L002
EMP0915,Riya Verma,riya.verma915@outlook.com,D002,R004,L004
EMP0916,Aditya Nair,aditya.nair916@gmail.com,D003,R002,L001
EMP0917,Ishita Verma,ishita.verma917@gmail.com,D002,R004,L004
EMP0918,Sanya Reddy,sanya.reddy918@outlook.com,D002,R004,L002
EMP0919,Vivaan Nair,vivaan.nair919@yahoo.com,D003,R002,L003
EMP0920,Rohan Patel,rohan.patel920@outlook.com,D003,R003,L001
EMP0921,Aman Verma,aman.verma921@yahoo.com,D003,R002,L003
EMP0922,Neha Sharma,neha.sharma922@yahoo.com,D001,R001,L002
EMP0923,Arjun Gupta,arjun.gupta923@yahoo.com,D001,R001,L003
EMP0924,Ananya Kapoor,ananya.kapoor924@yahoo.com,D003,R002,L001
EMP0925,Neha Mehta,neha.mehta925@outlook.com,D003,R002,L001
EMP0926,Aisha Singh,aisha.singh926@gmail.com,D002,R004,L002
EMP0927,Rohan Reddy,rohan.reddy927@outlook.com,D005,R002,L004
EMP0928,Aisha Verma,aisha.verma928@yahoo.com,D004,R005,L003
EMP0929,Sneha Mishra,sneha.mishra929@yahoo.com,D002,R004,L001
EMP0930,Aarav Joshi,aarav.joshi930@outlook.com,D004,R005,L002
EMP0931,Priya Mehta,priya.mehta931@yahoo.com,D003,R002,L003
EMP0932,Vivaan Patel,vivaan.patel932@yahoo.com,D003,R002,L004
EMP0933,Meera Chauhan,meera.chauhan933@yahoo.com,D004,R005,L002
EMP0934,Aman Malhotra,aman.malhotra934@outlook.com,D001,R001,L001
EMP0935,Ananya Iyer,ananya.iyer935@outlook.com,D004,R005,L004
EMP0936,Vivaan Agarwal,vivaan.agarwal936@gmail.com,D005,R002,L001
EMP0937,Karan Sharma,karan.sharma937@gmail.com,D005,R002,L003
EMP0938,Pooja Mehta,pooja.mehta938@yahoo.com,D001,R001,L004
EMP0939,Riya Reddy,riya.reddy939@yahoo.com,D003,R003,L004
EMP0940,Pooja Nair,pooja.nair940@outlook.com,D001,R001,L002
EMP0941,Kavya Gupta,kavya.gupta941@gmail.com,D003,R003,L002
EMP0942,Ishita Singh,ishita.singh942@yahoo.com,D003,R002,L003
EMP0943,Aditya Singh,aditya.singh943@gmail.com,D003,R002,L002
EMP0944,Sneha Joshi,sneha.joshi944@yahoo.com,D003,R003,L003
EMP0945,Vivaan Singh,vivaan.singh945@gmail.com,D004,R005,L004
EMP0946,Sanya Chauhan,sanya.chauhan946@outlook.com,D003,R003,L001
EMP0947,Ishita Patel,ishita.patel947@gmail.com,D005,R002,L001
EMP0948,Riya Malhotra,riya.malhotra948@outlook.com,D002,R004,L004
EMP0949,Rohan Gupta,rohan.gupta949@outlook.com,D004,R005,L002
EMP0950,Riya Kapoor,riya.kapoor950@yahoo.com,D002,R004,L001
EMP0951,Aditya Gupta,aditya.gupta951@outlook.com,D001,R001,L004
EMP0952,Neha Joshi,neha.joshi952@gmail.com,D005,R002,L003
EMP0953,Arjun Agarwal,arjun.agarwal953@yahoo.com,D003,R003,L004
EMP0954,Aman Mehta,aman.mehta954@outlook.com,D003,R003,L002
EMP0955,Pooja Chauhan,pooja.chauhan955@yahoo.com,D004,R005,L004
EMP0956,Aditya Kapoor,aditya.kapoor956@gmail.com,D003,R002,L003
EMP0957,Sanya Mishra,sanya.mishra957@outlook.com,D003,R002,L003
EMP0958,Aditya Nair,aditya.nair958@outlook.com,D003,R002,L004
EMP0959,Neha Mehta,neha.mehta959@yahoo.com,D005,R002,L004
EMP0960,Karan Verma,karan.verma960@outlook.com,D004,R005,L001
EMP0961,Ishita Chauhan,ishita.chauhan961@gmail.com,D001,R001,L003
EMP0962,Sanya Mehta,sanya.mehta962@yahoo.com,D003,R003,L001
EMP0963,Sanya Mehta,sanya.mehta963@gmail.com,D004,R005,L001
EMP0964,Ishita Malhotra,ishita.malhotra964@gmail.com,D003,R002,L002
EMP0965,Neha Patel,neha.patel965@yahoo.com,D005,R002,L002
EMP0966,Aditya Verma,aditya.verma966@gmail.com,D003,R003,L002
EMP0967,Neha Gupta,neha.gupta967@yahoo.com,D005,R002,L003
EMP0968,Aditya Mishra,aditya.mishra968@outlook.com,D002,R004,L002
EMP0969,Priya Mehta,priya.mehta969@gmail.com,D003,R003,L003
EMP0970,Vivaan Patel,vivaan.patel970@outlook.com,D005,R002,L003
EMP0971,Rohan Reddy,rohan.reddy971@gmail.com,D003,R002,L002
EMP0972,Ananya Reddy,ananya.reddy972@gmail.com,D001,R001,L001
EMP0973,Arjun Iyer,arjun.iyer973@yahoo.com,D003,R003,L002
EMP0974,Aarav Patel,aarav.patel974@gmail.com,D002,R004,L003
EMP0975,Aditya Kapoor,aditya.kapoor975@yahoo.com,D004,R005,L002
EMP0976,Aarav Sharma,aarav.sharma976@outlook.com,D002,R004,L001
EMP0977,Arjun Gupta,arjun.gupta977@gmail.com,D001,R001,L001
EMP0978,Rohan Nair,rohan.nair978@yahoo.com,D003,R002,L001
EMP0979,Aman Mehta,aman.mehta979@outlook.com,D005,R002,L003
EMP0980,Rohan Gupta,rohan.gupta980@gmail.com,D004,R005,L002
EMP0981,Aarav Mehta,aarav.mehta981@yahoo.com,D004,R005,L004
EMP0982,Kavya Malhotra,kavya.malhotra982@gmail.com,D004,R005,L004
EMP0983,Ishita Sharma,ishita.sharma983@outlook.com,D005,R002,L003
EMP0984,Nikhil Singh,nikhil.singh984@gmail.com,D003,R003,L004
EMP0985,Priya Iyer,priya.iyer985@yahoo.com,D003,R003,L001
EMP0986,Sneha Sharma,sneha.sharma986@outlook.com,D004,R005,L001
EMP0987,Aditya Mishra,aditya.mishra987@yahoo.com,D003,R002,L004
EMP0988,Rohan Chauhan,rohan.chauhan988@gmail.com,D003,R002,L002
EMP0989,Sneha Verma,sneha.verma989@gmail.com,D001,R001,L001
EMP0990,Vivaan Kapoor,vivaan.kapoor990@yahoo.com,D003,R003,L001
EMP0991,Riya Gupta,riya.gupta991@gmail.com,D003,R003,L004
EMP0992,Ananya Chauhan,ananya.chauhan992@outlook.com,D002,R004,L003
EMP0993,Sneha Singh,sneha.singh993@gmail.com,D005,R002,L004
EMP0994,Pooja Nair,pooja.nair994@gmail.com,D004,R005,L002
EMP0995,Vivaan Gupta,vivaan.gupta995@gmail.com,D004,R005,L001
EMP0996,Kavya Verma,kavya.verma996@gmail.com,D001,R001,L004
EMP0997,Priya Iyer,priya.iyer997@yahoo.com,D002,R004,L002
EMP0998,Rohan Nair,rohan.nair998@outlook.com,D003,R002,L001
EMP0999,Aman Kapoor,aman.kapoor999@outlook.com,D003,R002,L001
EMP1000,Priya Agarwal,priya.agarwal1000@gmail.com,D005,R002,L002